<?xml version="1.0" encoding="UTF-8"?>
<project-private xmlns="http://www.netbeans.org/ns/project-private/1">
    <editor-bookmarks xmlns="http://www.netbeans.org/ns/editor-bookmarks/2" lastBookmarkId="0"/>
    <open-files xmlns="http://www.netbeans.org/ns/projectui-open-files/2">
        <group>
            <file>file:/C:/Users/karth/Documents/NetBeansProjects/Tour%20Guide/public_html/hamburg.jpg</file>
            <file>file:/C:/Users/karth/Documents/NetBeansProjects/Tour%20Guide/public_html/home.html</file>
            <file>file:/C:/Users/karth/Documents/NetBeansProjects/Tour%20Guide/public_html/dusseldorf.jpg</file>
            <file>file:/C:/Users/karth/Documents/NetBeansProjects/Tour%20Guide/public_html/forgot.html</file>
            <file>file:/C:/Users/karth/Documents/NetBeansProjects/Tour%20Guide/public_html/signup.html</file>
            <file>file:/C:/Users/karth/Documents/NetBeansProjects/Tour%20Guide/public_html/cart%205.html</file>
            <file>file:/C:/Users/karth/Documents/NetBeansProjects/Tour%20Guide/public_html/dbconnect.js</file>
            <file>file:/C:/Users/karth/Documents/NetBeansProjects/Tour%20Guide/public_html/lake-louise.jpeg</file>
            <file>file:/C:/Users/karth/Documents/NetBeansProjects/Tour%20Guide/public_html/login.html</file>
            <file>file:/C:/Users/karth/Documents/NetBeansProjects/Tour%20Guide/public_html/mobiles.html</file>
            <file>file:/C:/Users/karth/Documents/NetBeansProjects/Tour%20Guide/public_html/maldivesisland.html</file>
            <file>file:/C:/Users/karth/Documents/NetBeansProjects/Tour%20Guide/public_html/langkawi.html</file>
            <file>file:/C:/Users/karth/Documents/NetBeansProjects/Tour%20Guide/public_html/cart%204.html</file>
        </group>
    </open-files>
</project-private>
